"x","y","label"
-11.6574409910929,15.4858745658288,1
-12.210865496847,19.2207162737722,1
-9.12820438071354,12.8292446970327,1
-8.71038394548636,16.953423556587,1
-8.47662573397623,14.1920182742972,1
-6.00020299152841,16.0314282538452,1
-11.643648080455,9.14045486988553,1
-7.02371254846578,14.8811168450371,1
-10.0428354098205,17.4971558918509,1
-7.8272529463952,16.5713151992542,1
-7.56861441422886,17.0693381430904,1
-9.80271959750204,9.73667014250091,1
-8.36009521487598,14.8514973138027,1
-10.4121961661236,11.1087549520471,1
-11.2650661351892,16.1057694308467,1
-6.40527179522538,14.7280492356209,1
-8.97431732545428,14.8576452433359,1
-13.6433571278933,13.9020275900652,1
-11.0431931619688,14.8430715028877,1
-7.08960642986933,17.0191732370542,1
-10.435288520489,14.3296680026053,1
-8.15600823575891,16.4727923877122,1
-11.8222762818576,13.1281437608956,1
-9.03540679568598,17.033346992633,1
-10.2972401380896,17.3311919224554,1
-8.94671084507631,13.3807303676506,1
-9.09748212918388,12.0119861078763,1
-6.20857566243785,20.2396456279041,1
-10.9715767028123,12.2374794434951,1
-8.49266354875501,14.642679104717,1
-3.64591666146848,14.8961807113225,1
-8.175121177503,15.0740867483066,1
-11.9665160668798,15.499497473959,1
-14.7754716588058,18.8774936964171,1
-9.59452977950085,20.7481901752949,1
-8.74192004049001,13.121658299603,1
-8.38416994955464,12.5286099664149,1
-13.316802212277,15.7710942597252,1
-11.1728400547519,15.0029244855286,1
-9.80331134415946,13.4402741837229,1
-11.504556045416,14.6423510018082,1
-6.8830747842683,10.9690211402685,1
-8.42856609538029,15.8809038811576,1
-7.18730221173351,14.1952049852398,1
-9.02102224854542,15.7066769758694,1
-11.435373083275,18.1957178312727,1
-6.9298632581623,16.8525911812296,1
-5.8016333072074,16.4776161926512,1
-13.3775455092227,13.4832822786948,1
-13.2400204314136,13.7474996454819,1
-11.6413359496065,15.111428126588,1
-12.4100721459348,15.418104831774,1
-11.731868179851,19.6758026099704,1
-8.10377025567768,17.4080946609842,1
-8.98354108583913,19.4506195704757,1
-11.6820005565271,13.7786028494025,1
-6.21053738956387,13.2784192701242,1
-10.5486778742744,13.9607279056823,1
-10.8466215514935,14.2615356127142,1
-8.69250057463532,14.5308276440435,1
-11.3386376187317,18.5533467325053,1
-10.5677237514903,14.5249380752275,1
-10.2650797849223,16.8855378162328,1
-10.1946331186649,14.9004293415002,1
-11.8035041053687,14.142061502065,1
-9.84083043584616,13.4419316408998,1
-8.59379325151653,10.9827068673999,1
-9.18892413789832,10.9349358649905,1
-10.7963079821771,13.6023027502055,1
-11.7252806209251,14.8494652754149,1
-15.0649189603417,18.1129468403498,1
-14.4051030059943,13.7736138325861,1
-12.9524470809604,13.0135196432202,1
-4.47787637549365,15.0460244836102,1
-13.4032313148197,10.6593657563722,1
-8.8089168865835,14.9508952982621,1
-10.8415298189576,12.5411388799206,1
-13.9354500657134,12.1553085715825,1
-7.35417248147156,13.3562828277205,1
-13.6628491465405,19.9456781150379,1
-8.87529011923279,14.3685991198776,1
-7.19951708613847,17.3452538920326,1
-11.6383631067252,20.8367984879008,1
-10.6747380993525,11.231141411595,1
-10.3820454361876,15.5490948331201,1
-3.89366312477994,15.2799267535685,1
-8.79089481139605,14.795872520128,1
-10.883683166588,14.9081235650674,1
-7.9161014807576,20.490582202422,1
-7.28177510816291,18.1958252286776,1
-13.2577755569317,17.6031429944194,1
-9.41813366237921,11.1180213118696,1
-8.62150339554422,14.5799747964351,1
-6.12506619918734,12.973137545163,1
-11.1382333119918,12.5497445831243,1
-10.4685730381655,16.0636231926394,1
-11.9360236884003,17.1969608978604,1
-13.1962866157396,12.2272938658387,1
-6.1870551076659,12.3123202368286,1
-8.91001736476048,13.9917675381633,1
-8.91682454599129,19.4683387111963,1
-5.80228157210099,14.1245002525021,1
-16.0461649135914,21.6081914258994,1
-8.23510881471337,16.4322175088411,1
-10.0354518059309,16.3496200288128,1
-10.4348975724119,16.1130534039485,1
-11.0589533476282,11.3747707115478,1
-7.38642560876148,19.0208673936993,1
-10.8168507658075,11.6841069859571,1
-8.30078922348306,14.8817107424462,1
-14.5856648722181,15.0056403705441,1
-11.6676179348548,14.0978819328025,1
-13.0600028447849,19.7706650669081,1
-10.8760930194176,10.7522107845996,1
-9.47827520092168,15.6962973115176,1
-12.6082522850904,7.35663434534225,1
-11.6945553042745,16.509421325709,1
-10.1580129358908,14.7402434593295,1
-8.51620782198113,11.8609255014544,1
-7.09820069716587,14.9858610301767,1
-8.12863187440156,17.7359918949637,1
-9.40872639924057,12.6751581812173,1
-6.92308500132779,9.70806097498839,1
-11.4413808146154,14.3235588860471,1
-10.4395149508164,17.6998937245597,1
-9.63959074772763,16.0772642205816,1
-10.1842893128509,14.3447417434567,1
-8.15974554147405,18.0326351788831,1
-16.3579949611645,16.5153264291902,1
-9.00857240947747,13.8748473681396,1
-7.48385661751442,13.9701752161535,1
-10.7522682212321,17.2684930444742,1
-5.45029381880921,15.7144981082141,1
-11.1169938974062,11.8539019411209,1
-10.8758309378748,12.5134453272092,1
-10.6850712212639,16.0434292013788,1
-12.2538020180618,22.0090367488857,1
-9.58723190456773,17.9902473596436,1
-16.0564527708514,16.9605047831502,1
-13.4824573589471,17.4335717859564,1
-8.94664661923864,13.9217807271007,1
-6.49634099301988,13.14471539173,1
-11.5361610566673,12.3514119645817,1
-11.7678344248431,17.5007243295854,1
-8.85253196922936,17.6594013179977,1
-11.0321569668908,15.9957821929085,1
-9.35400033092387,11.2264777664759,1
-5.29471838102616,15.3557150751848,1
-7.97441544422834,17.5270541151778,1
-10.1337842708858,14.1908884522078,1
-7.63556163014375,12.2291095490456,1
-4.78433152584681,13.9850048518211,1
-5.62354289781461,19.0009387176284,1
-9.78049330159163,16.5007254791316,1
-12.7107004829775,15.854594878854,1
-7.23886097006079,15.2621370366066,1
-11.201533322798,13.2649643041069,1
-10.0950417967501,17.8287353363254,1
-11.280477306367,14.6798373393033,1
-13.4239726118101,16.3078288339624,1
-6.53961783841463,18.9607982133449,1
-7.84449918160042,10.0530038569076,1
-8.72466980749275,16.2068213704574,1
-10.9350092695651,15.4510727412833,1
-12.2860242584382,16.7970757108673,1
-10.865427938369,10.8485987514873,1
-10.9721833198897,18.6099555024489,1
-10.8844253590019,16.9386743848574,1
-7.49556980141179,15.0116378777385,1
-10.9321572018258,13.598557412245,1
-8.04323083678624,12.186356148725,1
-9.34858733791525,14.2340566713601,1
-15.9923339843442,11.2725320587504,1
-7.57644065988654,14.4939234658424,1
-7.87471237775822,19.9937880358997,1
-6.10047693272707,16.7918840014799,1
-8.99471322386041,14.4899033104293,1
-5.82529071491362,16.5774871764307,1
-13.1049927299456,14.5882085592565,1
-15.0769581727936,14.4833936519058,1
-16.8586543314686,18.476522956606,1
-11.6814887282187,13.8623829237948,1
-10.4479741996752,16.6197770364893,1
-8.20528058676526,16.5026596757886,1
-11.5148053449779,11.3930703713387,1
-11.028462387597,15.7352916802944,1
-12.1776679565117,14.8178640073487,1
-13.0893441302386,14.9780164147454,1
-9.65908065228591,14.6140493647469,1
-10.4336676286823,19.6659200234988,1
-7.98238573496906,17.940570239001,1
-12.4425760058335,15.4348076344835,1
-6.94461974718698,14.8504583669558,1
-15.6337587267962,15.9123761271897,1
-15.0400383676775,12.8538455038328,1
-6.49701383106639,16.6288220011822,1
-7.11171542964381,15.8112002143285,1
-10.2914526902643,12.5544982686647,1
-5.78554634768462,15.1190868489928,1
-11.8920519036466,17.28916515044,1
-7.15729642597475,20.0154311041617,1
-11.5953809065816,13.9658609508688,1
-11.101219985615,14.0061038810618,1
-10.9700143052689,14.2177109918644,1
-6.18530175939401,13.1544871496533,1
-11.0269946877041,16.7264491738502,1
-7.02413182493036,12.9571868306123,1
-11.3442697724817,16.3853698638105,1
-7.30727542079564,14.3354809617732,1
-13.7834070382422,19.521909211449,1
-6.20316279758762,13.1205346095252,1
-10.1721526183071,10.3448832866284,1
-8.492654700366,19.2658686552332,1
-14.331837418658,12.9374555841318,1
-11.6963947130949,13.1978957224519,1
-15.3795680303749,16.3254249936757,1
-14.0527569371007,14.933862463106,1
-8.43110989690606,14.47562420376,1
-7.63996762613255,14.9319643174042,1
-11.7135484862617,16.7101062697468,1
-11.147813540716,19.6898883666646,1
-10.0483106547492,17.2563363874141,1
-9.4571899797603,7.04145147566013,1
-13.6143924333746,13.8779308891964,1
-9.37347639618029,8.80173723284895,1
-7.45558987138658,13.4008398222134,1
-11.9919260489452,10.8842385895188,1
-13.8466412634649,15.1490400290956,1
-8.65233522447636,9.44952340869063,1
-12.6572920239115,16.4175187365811,1
-11.1986234606734,20.729026552621,1
-6.70406410732235,16.575539704376,1
-9.98707696123051,15.7391191553827,1
-11.8676520564153,16.6615772058077,1
-6.08372197444714,17.8664861050494,1
-12.1516420582848,10.7168544537146,1
-10.2901217106867,16.166483631138,1
-6.42560590668104,11.5112872275131,1
-9.03592898637711,15.6177824948188,1
-6.8410913021714,14.9261571546464,1
-10.9453239127465,11.9658149958174,1
-11.3689659228395,14.0419105539334,1
-3.78101781081493,21.4729135948188,1
-10.4410554202543,12.2387155047866,1
-15.2198951884732,16.3616931489364,1
-12.8853864889789,21.0446404058949,1
-12.3431238539616,15.2939599821674,1
0.08104452350908,12.066099919089,1
-9.18625520019723,12.0714324989001,1
-9.08019490283291,12.6895592114534,1
7.62698716235405,-9.51093502737166,2
14.2010438668135,-12.9906929221326,2
9.78767380988998,-9.64964885898717,2
11.8730721531451,-10.6341813617122,2
15.250424519673,-10.3671959192743,2
11.1050000214765,-7.40252630188421,2
8.96102574832681,-12.7507055588358,2
14.7153346083537,-16.114514060555,2
12.3245692218798,-9.9052643288663,2
12.6796928400791,-8.85633390064927,2
15.531787653487,-13.174705310503,2
14.2057873525358,-4.82847785491327,2
10.0130641295168,-16.4866053899893,2
11.2626512190789,-11.5783445567828,2
12.095972841025,-9.23369329431585,2
11.9550477796999,-9.15611010061821,2
12.8472632500191,-10.7518106615309,2
7.94511037559661,-11.5759695453632,2
5.43348673645341,-12.3880140706813,2
8.52086120568581,-10.6522109482165,2
8.98512623322119,-15.1832997942092,2
7.77305773361651,-4.96368679259129,2
11.6469641317467,-4.7325196473381,2
9.19176603449183,-10.2403512543851,2
9.51275459811069,-13.1716413867241,2
7.7821006801833,-4.53308047901954,2
8.51243412147689,-6.62477401197499,2
7.22838334869265,-15.2012249347026,2
9.14549880524859,-7.52394049271984,2
13.0141187441876,-5.57731245474707,2
5.26875583695085,-4.62583744291316,2
8.13965495911379,-9.58153537209234,2
11.3393713791411,-12.1695031257506,2
4.71154794245615,-11.2680890022167,2
10.2227190922259,-12.3692348742032,2
7.562533700131,-9.125712792966,2
9.62520072903089,-8.84950096489073,2
9.8578632917812,-12.3999884655068,2
13.4487691979199,-7.95803618949917,2
12.7847209737142,-13.7306107884623,2
12.6351275342046,-14.4865722163724,2
8.58882995457042,-13.6306836994957,2
4.15839335050218,-5.17911695708746,2
8.27128352668525,-10.7531957093441,2
8.9762275788405,-8.97690126384806,2
14.2342361936765,-5.55208207167721,2
6.86847184656331,-13.59414005964,2
5.99784926165779,-13.3154039304075,2
15.1839715557017,-9.9797709237805,2
7.77064973625428,-11.5905201363666,2
12.8427523832025,-9.31052293614433,2
9.16851449642928,-11.9833348079378,2
7.71883763883608,-4.58139468309636,2
12.4867947776415,-4.68551342954841,2
8.88515031836057,-10.92822063501,2
7.28180643564964,-10.662811307967,2
11.2484228011171,-6.40458318693636,2
11.4926498202117,-8.79359007778996,2
13.2567972677973,-6.96496118115547,2
10.2820319065406,-12.0724610722593,2
13.2839060697831,-9.63261515560452,2
14.5259057673254,-11.1393689234715,2
7.2372282172098,-8.57769826803959,2
8.2284419966268,-8.30987921602168,2
5.43875163512927,-14.6100366695003,2
11.8250502958413,-9.1243537400792,2
12.3046285329753,-15.3344843925694,2
13.2081827528821,-6.82378957666576,2
12.7305961264519,-7.91935403368449,2
15.5827297655242,-13.8464193082449,2
8.45725222932153,-8.91597223599292,2
7.86492728009773,-9.77365480894703,2
11.9743738418016,-11.7294563590243,2
11.7385390168295,-8.54507692050654,2
7.86559474225246,-12.6388186946128,2
12.5819639360719,-10.4482516024637,2
11.9107398472868,-12.2341216363261,2
13.3794014417063,-13.5535364963983,2
12.0249010780492,-8.77183544187488,2
10.7090435667322,-8.23390097534658,2
11.0542453386989,-11.6881772666356,2
9.29169823319089,-9.04784816937827,2
6.52648281070412,-12.3387637537222,2
15.4954762759778,-15.5540289686161,2
6.72322121847138,-7.37956035449962,2
12.8803285518623,-7.77795979738086,2
10.1504338178419,-9.14309922146476,2
7.60647168664218,-11.7255162718804,2
9.30561029751984,-12.4728854367296,2
12.1725883549223,-14.2973858376903,2
7.27380814054675,-13.3387511316234,2
11.037622988145,-12.993504264159,2
11.4396709819732,-6.8869853683157,2
10.0667485201405,-8.63708574091444,2
8.26938824485376,-8.66748854246079,2
6.63428889969418,-10.2031173805502,2
6.44061949799559,-10.7046100341809,2
12.8774212199381,-8.14647183679059,2
8.82856843365384,-12.0862277335484,2
7.73318454257599,-11.9748390865434,2
10.7883905543528,-12.6974815624893,2
17.5956806223482,-9.42134770058345,2
7.44273761497809,-8.98445962773597,2
9.67749330949593,-10.9274616987393,2
11.586031661542,-9.38810630606534,2
12.715192220697,-11.3875612325789,2
14.7523150201015,-13.7945270208418,2
10.3669291173278,-8.80553925227115,2
13.2139902328087,-13.5042476722326,2
6.98482831752492,-5.56665059802282,2
11.0533958528676,-8.10691431037088,2
7.90140293025305,-4.90996698222248,2
10.1863666861418,-8.75840172866778,2
9.76227370431057,-7.63429714855324,2
9.01125660034641,-4.02522706636485,2
14.1620360974419,-15.1706492824695,2
8.36142685880196,-10.0792342422559,2
5.44491997303489,-12.7871847081096,2
8.49016898636663,-8.72285775740742,2
10.2537907641079,-11.5552778975982,2
9.78363036272962,-2.35796361616602,2
13.1030042148274,-8.54578072875193,2
12.061316778801,-11.4951967477408,2
10.2723914366244,-9.25516408739986,2
8.7447731001119,-11.2117652311351,2
11.3269585064266,-11.0718715777138,2
9.53068184210194,-10.8454354624127,2
12.2315599812565,-8.72036478614449,2
9.19656430862298,-10.7542933708039,2
12.5939916248082,-10.4532687096113,2
13.5532787800516,-10.2602319586153,2
9.14808003717851,-15.0659113166739,2
8.28808938575382,-13.7025618723544,2
15.1094068549312,-8.77879450157535,2
11.3954717552039,-10.0970759834515,2
2.80311187451124,-10.1246823953996,2
10.0125315259326,-13.2418489852116,2
10.6638857176994,-5.753040162499,2
9.90602323784123,-7.27641573757398,2
8.94158592375854,-9.82209117489104,2
15.3862413021856,-8.28153476751393,2
13.3848459881637,-11.6620592200092,2
13.5726427211717,-5.57474287729003,2
13.1027507641346,-9.98365207041213,2
13.4540606672201,-10.2460200333483,2
7.01360869349412,-8.446027531129,2
10.2359054564393,-10.6163659335475,2
13.9362849832221,-10.9368427095309,2
11.1076396192325,-15.5492928296109,2
6.37405026462211,-11.8109185002866,2
9.15833400961262,-10.8347087547364,2
12.3396969468512,-14.9883558914037,2
11.937164417594,-7.9084154188828,2
10.5155330138579,-7.5627921180093,2
13.2845843886844,-11.8022085427468,2
11.363436249962,-11.2387700921554,2
8.67168118199704,-15.2226915903656,2
8.49338777820242,-8.74239356653859,2
13.2204552959346,-9.68862267144918,2
10.2337963505135,-10.5307829037969,2
8.68087190125196,-7.11701067906788,2
12.4384058412267,-9.03548194655407,2
10.7808886172925,-8.5978882779034,2
12.5631768902628,-4.95030386959849,2
13.9760177345632,-10.8250191916971,2
12.5082216818219,-10.2319603254819,2
9.48744835586914,-8.07061038323185,2
12.7209035008648,-10.8127492401934,2
12.0259618273731,-10.0567533060297,2
13.9488576096676,-8.81555515220288,2
10.4629451763751,-8.97545603621689,2
6.58990583696459,-9.38749049225809,2
11.9053294777672,-10.6652263376785,2
9.15601622266993,-7.3980532693186,2
12.1913195951712,-8.98722262447457,2
13.8513137184693,-8.23671123332507,2
9.021052821209,-5.90371225277194,2
16.1626533331723,-6.297470605419,2
7.50969763642957,-7.79529318916499,2
11.9443271656028,-9.67399536163603,2
14.1151052249973,-6.23441305580914,2
9.05081776624856,-11.3169047822605,2
5.01279043302723,-13.0151677346356,2
8.79160860212738,-6.89565115718206,2
9.15286402212133,-9.88974292174874,2
9.53174652619363,-3.95515245487805,2
7.87384652513293,-6.74404874587908,2
9.90886820984186,-11.7526537852902,2
9.33961999481236,-3.29801012006842,2
10.4183443339985,-8.0102913644477,2
8.86834864215558,-11.9545443503199,2
10.3800551945612,-11.8917700743178,2
13.4830936778049,-14.1651197989976,2
10.1221307403525,-10.0755198448676,2
13.7387873776206,-7.80616151547833,2
10.4851039979824,-6.45586529604827,2
13.1810638689924,-7.69333995237897,2
9.69196356422383,-9.09296110070689,2
7.39268791929405,-7.01635588532273,2
10.608072630612,-7.56969075615737,2
9.43360921918212,-17.2012486859659,2
7.31651546921865,-12.1937116660369,2
12.2692844406191,-10.6310384868361,2
8.13938637904792,-16.4879019340811,2
13.0373224846072,-9.9945311738873,2
10.1612151354167,-12.9236564873649,2
10.5309605996649,-13.2558025226575,2
9.66523996198641,-13.4734114487657,2
12.9306060074624,-12.666222929285,2
14.1691744898598,-9.23010483530027,2
11.9566122232007,-13.3219378469409,2
13.7356715560974,-8.05937568360369,2
13.3911162102903,-7.62199745061562,2
11.4051912202826,-7.92418909027483,2
6.86421957055261,-9.08457872721836,2
6.89686121648026,-10.8917489409492,2
7.29024645516368,-6.49490679169469,2
10.099140500195,-10.2046296626222,2
8.83448786322608,-9.4331404389811,2
9.96875119451078,-11.1987678653577,2
4.43902138603273,-10.7477403870168,2
5.84359268525896,-9.21590882035742,2
10.6544564153839,-10.362410756498,2
8.11003198903611,-7.18117969030514,2
4.65473764034901,-8.66119631510294,2
8.38025925761338,-9.93051289313697,2
9.33035206968086,-12.5896086296917,2
14.1847291005133,-10.711817798393,2
8.66252510564551,-4.50408093726803,2
11.7724564138926,-9.46004310568251,2
9.90170202052295,-9.69307436243797,2
9.32265651925389,-11.7848138858727,2
12.492369379504,-8.69554823873659,2
11.1742295511634,-10.1850793220147,2
13.4445411895666,-13.5964404304627,2
14.1124808757487,-6.16762290445903,2
12.4559745009742,-13.4586690583878,2
10.7318166731849,-12.1144184852693,2
9.00277119334811,-11.6023064643278,2
3.57831049530362,-11.3573591573889,2
7.16405264771317,-9.63656347268747,2
7.63205977643843,-10.2078656258237,2
14.2221859404935,-13.1855543911965,2
5.60204388753156,-9.81652469888695,2
7.49133100175508,-12.5166159048144,2
12.2966705081459,-9.58052480874125,2
13.4290981738264,-12.8690981090469,2
11.0391846998493,-10.0688818973115,2
6.67682752359026,-12.4755932023817,2
9.4796182079541,-9.62359246728544,2
-12.1509485078254,-10.716538757691,3
-9.42133195670865,-12.8221352368826,3
-9.56221629159663,-9.92621170668614,3
-9.80900014563113,-7.26487473726701,3
-12.7254480361121,-6.8955933149166,3
-11.665382277349,-12.770908286108,3
-11.6018262799728,-9.38113061206173,3
-9.6600154642311,-10.7536012687986,3
-12.131011535646,-11.587864117476,3
-7.26235151032947,-9.5105635157567,3
-11.293528925956,-12.3081559812703,3
-10.4555500586565,-14.0820130272601,3
-11.0832745561087,-11.8152498810946,3
-7.40478422185748,-7.52095195846553,3
-10.161172367772,-12.7845365789718,3
-7.98614188377742,-7.91359702664176,3
-8.37277940233249,-8.19594554859795,3
-10.7873857603815,-8.27184698634283,3
-7.09231114211017,-9.90630208371281,3
-12.1897450789739,-8.05569000675878,3
-8.24131716941615,-10.7604762547972,3
-6.20117799938563,-11.9463491387715,3
-9.22086958069668,-15.5490766928718,3
-10.3627020302165,-7.22995780294887,3
-11.0186317697949,-12.2024986669686,3
-8.37473880703764,-11.9827171865081,3
-9.40277952494569,-14.2554096394615,3
-13.1560425488205,-11.1109690778206,3
-12.3154288818309,-6.66344495475638,3
-7.94850436970871,-11.9231976701843,3
-8.71757437851122,-7.75088780728391,3
-9.42692423583587,-9.1378615314282,3
-7.3741018410168,-11.1778282641254,3
-10.9365317296926,-7.66046098531086,3
-12.8823064055261,-9.54391129755012,3
-10.0700459517833,-8.85584993064921,3
-7.70982437808142,-9.34510821360546,3
-9.48162107504574,-8.16877992637036,3
-7.27855207719343,-9.0609676657,3
-12.2093532744405,-10.3842095946528,3
-6.11922527912448,-10.8629510857223,3
-8.46015404930641,-7.00082982732999,3
-8.22389947153661,-10.0156826092632,3
-9.50996428245435,-12.1713838654368,3
-9.01666609468726,-12.1712026023634,3
-11.9091961043815,-12.424980958582,3
-11.4554068648031,-7.41836846567934,3
-10.8740298536628,-10.1729006471279,3
-11.0331770190942,-8.67505074822073,3
-7.9168008747923,-10.5126153620156,3
-8.6195633257035,-10.9922332123745,3
-7.64518839904226,-8.52471091661253,3
-7.72488764421684,-8.51030039263359,3
-9.53772426078552,-14.6484635358491,3
-11.5263016119069,-8.82096648855075,3
-11.0353688766658,-10.6852244144419,3
-10.9250392848381,-6.03484801086363,3
-11.6123295850559,-11.1098470414004,3
-9.96812001925885,-9.47148677352658,3
-9.57767340440095,-10.1228382224899,3
-13.3438599518582,-9.09898519742569,3
-8.84363081225775,-11.1863747537086,3
-8.4909769677983,-11.8676100379153,3
-9.13671275935482,-11.6264693818755,3
-13.8557508369721,-7.16760827586254,3
-8.44927212220357,-9.64933997395347,3
-6.66196740170249,-13.9979432053543,3
-9.71412760114682,-15.8877496447051,3
-6.77127826591955,-12.1528395117326,3
-12.9212849080653,-12.1486899347213,3
-12.6036338590911,-14.8557403089257,3
-12.213582603089,-10.371549874694,3
-7.95957278617919,-9.00141698626268,3
-12.7776087035466,-11.5742733696706,3
-5.68384389864702,-8.99522086535104,3
-12.8875448643909,-3.54548338274419,3
-8.9108732535608,-7.90839952575023,3
-7.56616812099719,-9.44638113038507,3
-9.84750276322476,-12.4122955457745,3
-12.9311595958488,-3.96432173070351,3
-11.4879423983458,-7.76395230709869,3
-7.84294521455474,-6.06121329913069,3
-5.89592189644796,-8.27932474023007,3
-7.27679549323076,-12.7523785289328,3
-8.50556843024379,-7.02041253631606,3
-9.47547356272582,-11.0255929964254,3
-9.46732368523933,-11.348660128974,3
-11.1193818201397,-7.1490450315923,3
-5.1800728418908,-14.1865625626026,3
-13.579548187335,-12.5439259336093,3
-9.27753935957585,-12.1772219859763,3
-9.11970703519201,-9.42059410022715,3
-10.9626201390539,-11.342156572689,3
-12.9566445925181,-8.32913752411274,3
-5.16385569827286,-11.0206280320716,3
-13.0350550846048,-11.6441623335566,3
-8.54673862782203,-8.11073017869906,3
-4.01486906007032,-13.3579354850358,3
-9.87084662434909,-10.4827148398925,3
-12.8208391654818,-11.6226462599117,3
-12.9792303675225,-9.3206986354531,3
-7.57267252195238,-14.023822090245,3
-11.0222861358464,-6.42087455212055,3
-13.739896593456,-6.17611136922384,3
-13.3392782841334,-12.8963970412331,3
-10.7973525057241,-12.242851093333,3
-8.10049270954516,-11.1992879077459,3
-8.3721800555381,-11.5170013767589,3
-9.23138395965424,-5.55754318370544,3
-6.75048602152037,-8.98975830978181,3
-9.5483680250184,-5.87420954898967,3
-12.1574131190169,-8.37805764356707,3
-11.2373147855171,-4.01294435842969,3
-10.6811730221466,-10.2874962890554,3
-7.83229133251554,-8.5524994378515,3
-12.7033131677758,-10.739570576187,3
-9.10275430087388,-14.1356406893457,3
-11.5942996334468,-10.6229060662344,3
-12.2395715124711,-12.2635743373529,3
-9.0155809810203,-10.8005339362919,3
-10.6137467154089,-6.85450719852281,3
-9.31976178799624,-6.88012739880887,3
-7.68914017230826,-8.37014833451865,3
-10.7006229500578,-8.86324891943622,3
-8.9298047630298,-3.78751643549012,3
-11.1964374311093,-6.64883784195806,3
-9.68282652505301,-11.9174972369126,3
-5.7927962123131,-8.64562111449633,3
-14.1252247293032,-11.3479735899647,3
-10.058170768705,-15.2890616127916,3
-6.04081785919287,-8.13722800554581,3
-11.0834707416926,-11.1580303220203,3
-9.25835869487641,-12.381640830542,3
-11.1878981648598,-9.84804164132068,3
-9.76849990913088,-7.13458854286648,3
-9.11856615029967,-10.3284823587039,3
-10.8494275881546,-6.86791932406887,3
-11.5637545828259,-8.61787412509665,3
-9.32260119354813,-9.47227909631094,3
-7.9405746860353,-12.1740492564791,3
-10.0064689758955,-10.4780757906049,3
-14.9968939310675,-8.82835275458092,3
-6.37155034701594,-12.9297712041483,3
-6.28922470411458,-9.49896805777077,3
-6.90086377817036,-12.101201192601,3
-8.46636577516864,-11.4247764243758,3
-11.5307068401031,-9.07293445940536,3
-7.06413798053855,-9.23080750565162,3
-11.1229201861789,-6.9329581218869,3
-10.6778760330213,-8.0128958690236,3
-12.8160565917791,-8.13107046124162,3
-11.7965767329364,-10.9292970127845,3
-13.0555741131243,-1.37951303858514,3
-12.7126825061448,-9.52392374484426,3
-9.78899202053425,-12.1518557190031,3
-9.41764771604333,-8.3889532957245,3
-8.28762690307085,-15.4754929250709,3
-12.0187805692606,-10.4075554967844,3
-10.1464611482101,-11.2385551459418,3
-8.83660353821866,-9.91254958340602,3
-12.03636377152,-7.76032589634125,3
-10.752904482899,-9.76787935440297,3
-5.24338987500989,-9.51846833634639,3
-12.1636299729932,-10.6978528789909,3
-9.63228757202188,-12.7235161456794,3
-14.314190889254,-11.1518991449054,3
-8.80507247690823,-12.2561023872554,3
-8.46969242547274,-6.2716836649049,3
-9.56483142083545,-5.84266546326504,3
-9.37822063323767,-11.3986842717693,3
-10.3530291600691,-3.90483827706367,3
-7.60434587674056,-9.16173788222186,3
-9.5050968287348,-9.83254616453544,3
-9.31258439925822,-6.30461682569572,3
-8.62293488995625,-9.78000638291823,3
-15.363103345589,-9.88289653156569,3
-9.24836060796824,-8.93484982989836,3
-9.52813682069944,-9.72861248510473,3
-14.4572055294237,-6.31347946753776,3
-9.2080806075405,-8.93486931761863,3
-8.2821543831603,-8.99647254325093,3
-14.4199273476986,-12.6640144952709,3
-7.61889177687818,-4.80658563329105,3
-11.1310871103946,-9.00308932079198,3
-5.43836373834763,-10.4750427054666,3
-6.93608846183607,-11.2623625372655,3
-11.6060173780547,-10.434153160165,3
-10.8979522701405,-7.96720871340673,3
-11.7571170068733,-12.2988491035171,3
-9.06575566526368,-4.86073085262125,3
-11.0036867086107,-12.6828969479473,3
-11.1828190282781,-11.1874977786183,3
-9.714326569377,-10.1829110092276,3
-10.8031109500383,-15.0177321175476,3
-11.6796895893829,-13.873581438345,3
-10.6479589629504,-11.694935518852,3
-10.384576737957,-10.5451682601782,3
-7.9445140128108,-12.7190940073101,3
-11.4777927233349,-12.1403026852047,3
-10.296971519804,-9.25170757417843,3
-5.16150111156405,-7.8435218826368,3
-8.87052572276577,-9.72911042651361,3
-10.6548516983598,-8.10821010213612,3
-5.23987139366618,-8.6577580774451,3
-6.57405489379348,-5.91809471674451,3
-11.0688406033012,-10.9030818594838,3
-11.1541825480637,-9.02770520146577,3
-10.7040746595744,-11.6771406438594,3
-6.35018298774772,-11.6767584272542,3
-10.700061386114,-11.5677534169924,3
-8.57941626966738,-9.93913418246484,3
-9.49102126171206,-10.6027416455389,3
-9.94583387087637,-13.0485919838019,3
-12.6966410495352,-9.33105916979426,3
-6.13291265966354,-12.6085862298427,3
-10.2543229666715,-11.5768626249427,3
-7.89664619497008,-5.29989415571854,3
-12.2495862384056,-8.65992670834462,3
-9.92431567623601,-10.7736197230934,3
-9.35479467626488,-10.84358516643,3
-9.73920418283637,-8.67001043082944,3
-7.44205552828806,-13.1464892201647,3
-7.9432383101554,-12.0724891705241,3
-13.1736608350367,-16.5295989019955,3
-8.13264590073437,-4.17646906435722,3
-9.96876278267828,-14.0010553204826,3
-8.9067137534722,-12.4964695088592,3
-7.56144827919685,-12.7911195995944,3
-10.0351635888637,-9.27129815554755,3
-2.84326310236935,-9.781397138836,3
-8.72326703897831,-8.70498997108553,3
-10.9858931004271,-11.6480004548145,3
-5.18280887174236,-8.54536386268689,3
-10.8587926930195,-8.23689824794356,3
-6.18040815586222,-7.36627025125075,3
-8.26163521180586,-9.87213652052373,3
-12.4232234796541,-10.021693187853,3
-5.45934396312649,-12.7270878023042,3
-7.45474659976512,-11.5061732198563,3
-14.9048969821461,-12.9778112988587,3
-10.1013528255001,-6.08372487595372,3
-7.92595258987107,-7.96867599499619,3
-7.70891608369745,-11.1665402634494,3
-6.33537886734211,-11.548202339168,3
-13.0849209189614,-10.6306352140916,3
-6.24346681693962,-16.2360531498749,3
-9.97299101775807,-5.1967340538338,3
-10.8629108887966,-7.76910872821462,3
-13.2381188961343,-12.7473834487915,3
-12.1770758215813,-10.1645736760604,3
10.4846786078166,13.6711700087047,4
11.9926600041666,16.4598483107187,4
13.6573530357109,16.6883731249347,4
7.13504543915129,14.4779046862972,4
14.2407920756279,19.3524082162446,4
11.2669661742883,15.0385046413463,4
10.8565422482045,14.8894370975515,4
10.0768132000965,15.4140293497035,4
12.6050792076776,14.891722762141,4
9.77556933958213,14.3057054358965,4
13.4453670379775,15.404579819605,4
12.9239324864279,18.1555720085388,4
11.3257578629406,14.3069323474673,4
12.8082420530974,17.2286416685171,4
7.92486607202344,18.0378102418849,4
10.3431563375954,17.5766980623345,4
8.31353245874747,11.3693929545495,4
11.9255494044966,14.0091328238084,4
9.49150602852449,17.2880589893007,4
8.95822514235036,13.4383437396742,4
13.0046238301347,15.4446690625249,4
12.8901454459858,10.8651423280994,4
8.16420255132644,12.8881818632476,4
10.2210212080593,14.0798365774624,4
11.6186989004102,10.5973311816436,4
8.5158252158363,13.4721883635557,4
9.82193646919625,16.067058388253,4
14.4070685452237,13.538245752772,4
8.7645563167835,16.7047631305702,4
9.65192479348942,18.3041122931956,4
7.61070977886477,17.6073611859946,4
7.06466489895072,20.054999005402,4
10.2937813429303,14.4324815208615,4
9.11148603939637,17.1786547624505,4
11.1765497399705,14.5804679481499,4
10.3548123291419,13.8103684019825,4
7.85582083226426,15.4421752554112,4
11.6138469180752,14.0948143892999,4
10.5311518140993,13.3688306161472,4
8.21828424300926,14.8733688970194,4
12.8776592354237,14.4754425977018,4
8.71483007206239,11.3974691905721,4
7.69072666123229,11.7996807683992,4
8.12561063493155,12.2304754056898,4
10.8245459865118,14.5056855716368,4
7.14306560527344,13.0452766139894,4
10.3557191117326,16.5059404962723,4
11.5382984088785,14.8847490310302,4
15.2107576821191,13.5852580293117,4
12.1655851790667,14.3201793272741,4
11.5312636799792,14.7180306391225,4
9.20289726563441,14.7409135320104,4
10.1003609696509,10.771756373978,4
13.4788455359263,16.9018149245654,4
7.54366253663326,10.7672333381267,4
10.9562281398865,16.8238034613637,4
11.934692517671,15.7478997884086,4
9.74503728778645,16.0377318169954,4
8.21626691398979,13.520025035051,4
13.8348802697593,13.2462920371703,4
9.70207611412776,12.5510857339351,4
14.1898549952824,14.1735704964282,4
12.1762985259328,17.4196743842848,4
7.89528623906394,15.8553265305975,4
8.67083942065012,9.1647206198028,4
12.4105237062518,16.636859530418,4
7.84303143634817,10.1616764160352,4
8.69240580650436,17.3742341581017,4
11.2349631842501,14.7987609436881,4
6.25075405731861,17.9702694545033,4
12.2371857229883,16.7619889846229,4
8.11194435826936,16.523546833817,4
8.38418646565575,13.8990067181275,4
7.32676720453371,15.9564580480501,4
8.84534672507151,17.2287147287306,4
11.9609972992397,13.0007367356162,4
13.4419643887981,18.3668866415765,4
8.91942303179406,16.3480765582964,4
8.08287209594208,13.2683053850165,4
5.31079208116441,17.6930590536227,4
10.764811473737,16.2022817777374,4
7.91598682296959,11.5023932316401,4
12.1818770816139,11.2122531217126,4
10.0395861829721,13.1023376721512,4
9.48717505560962,14.3279038496932,4
14.0161207074197,13.8288673571091,4
8.67006983018418,9.4692034975509,4
13.7624241050116,15.1770752899886,4
9.01607621592618,16.5347850982458,4
8.21160164296148,12.2370098085403,4
7.70799442646286,15.1740894724065,4
10.8535321052112,11.0254865595344,4
14.2497426040126,13.2457264779902,4
10.8507336823703,16.0798400328892,4
10.575398111628,14.5604426489131,4
8.45682759602052,14.9989643496951,4
11.2646773312254,12.0391865979147,4
9.22593776330286,13.4073490088879,4
8.01081255190691,18.6179695587407,4
7.32683632486924,19.2878191427148,4
12.7162191757995,11.2086791193114,4
9.32415732543809,17.5455286417201,4
8.28305370562765,18.7346698471447,4
4.58404813348126,16.3627205074069,4
12.4720489677538,15.4076852733645,4
9.49585097697829,14.4405063385347,4
9.4338516776061,20.0662143119037,4
13.5401201448517,12.4461846633383,4
9.98124520260173,11.7321653900271,4
10.3276645224835,13.0702346040168,4
9.35378172436013,16.6334160256923,4
9.69448330415914,15.548904460717,4
12.498150052603,11.4764227280926,4
11.4184848832754,13.7772274488946,4
12.5184217314122,14.754598636707,4
7.51831780777121,16.6115787311625,4
9.9031871689609,16.5392329611304,4
7.90518619746735,14.1245930148358,4
9.89921389156029,14.1474456391161,4
9.1973099455259,15.9690554855043,4
7.79983397441025,14.9443952058959,4
8.02208561187868,16.1881015797723,4
8.14064100120575,17.8736209024746,4
10.1364347240511,15.383966387602,4
11.0485051445682,16.3353657765109,4
10.8845933286448,12.7431299362063,4
8.48713765020576,10.2384483875436,4
10.2682904944121,18.1012432858982,4
7.54482687559654,16.0726473777717,4
11.3782967465933,15.0437715054769,4
7.2290890886273,13.7649160027513,4
12.9444133427006,16.9459486043804,4
11.0845693874361,20.807818105576,4
9.37008836192543,15.4874373802127,4
11.81174103161,14.7005288488329,4
12.2533291755384,16.2678121489018,4
9.48576833487266,14.5893827789475,4
4.46340258608238,13.5274788884554,4
10.0704553950591,18.0033796023818,4
8.43650815585945,11.3156029686469,4
9.49647996369327,14.9781096743065,4
6.69428284603504,10.4739579596563,4
8.10821759598271,18.0759411971913,4
6.98018581867065,15.7931818444995,4
10.265633745901,16.5912281756174,4
11.5241435333057,21.166628754375,4
10.6764664511543,13.3740026196365,4
10.1407735796262,12.0908320939538,4
9.05972582419663,13.1687113798395,4
9.71752367137978,12.5047853962461,4
3.65049925464482,18.7023279491325,4
13.2252028552722,16.237896876609,4
8.30664081541554,15.6105061320019,4
9.29149605736979,15.2521047782737,4
9.52682878298962,15.6626925005424,4
9.31352656083411,17.1797242966021,4
10.8676915959432,9.42890952505743,4
8.77027064145358,15.8092624667472,4
8.66250793872963,11.9086355415375,4
11.7067871238134,17.0599342571959,4
10.3538019150514,17.5633864003247,4
8.54017711970034,12.6467263164775,4
9.55021847932686,16.6989289682921,4
7.7683440963513,12.5513998726851,4
9.18760326829674,17.590743259972,4
12.4126238135396,18.032460719792,4
11.9098534185965,13.0072448424729,4
9.17749578528936,17.7377547750294,4
10.2543003574779,13.9111007345365,4
6.76727211815979,14.0583078747864,4
11.3262749845979,15.6002510679907,4
6.09627184154731,15.1529065770778,4
7.57155703634135,14.7366219514646,4
11.0089017297568,17.6806470904532,4
12.0257862176594,12.5566068907858,4
8.3993348076016,16.0351565075151,4
10.9680684417134,15.2070593964963,4
11.2345244299637,13.6827489824103,4
10.2811778584222,17.4590116986883,4
12.3967009345137,13.8968660031304,4
12.1431405567098,17.2151341200636,4
7.24666070530671,14.2885300391276,4
6.30577214619232,15.0916348470103,4
5.43242777573141,15.2725534834576,4
10.6958725518404,13.4350101632942,4
12.0857289026943,14.3320776718137,4
12.7768384929834,12.4018606066583,4
14.2219565404038,12.1387709707968,4
10.9369224213142,10.9522631455488,4
10.3955727140208,14.6474609521167,4
15.2831729155456,17.9809546877494,4
10.9017754228761,16.5618613406589,4
8.01193458491234,11.7784106884151,4
10.3983187807072,11.5123988632782,4
6.63764727848481,12.365822293725,4
10.3170543710211,15.6422435883367,4
12.6696788765971,10.867972605405,4
10.5367622388064,12.2454827304173,4
8.09889201801595,14.1702706654753,4
9.86648197567629,14.6230698185359,4
7.35670825370764,16.1176025744535,4
9.46717349621142,16.9893867381417,4
8.3662068178559,9.6251310565108,4
12.2395111725012,17.859484163882,4
11.7209722998017,18.8897594762496,4
10.785641811144,13.6911444427083,4
9.36299200331007,14.870852707461,4
10.1440998290429,13.5825617107585,4
9.97185144242805,17.218423692942,4
8.85795050140381,15.5283108583558,4
8.69460754054308,12.0189486103198,4
10.3806259803445,15.3210944033625,4
9.46437036104414,13.6124156491034,4
10.0872979765756,10.3187259202216,4
9.94395849062385,16.6290928987544,4
12.9580894176584,22.7751378738463,4
5.82181129051498,11.697768407564,4
15.1511277328628,15.6258206278444,4
11.9416193054123,15.8716256629958,4
7.4386223115111,15.7247586798371,4
8.44377032806249,17.9027016280909,4
13.4104484121015,16.0308662222962,4
13.4863907981556,18.9889136244107,4
10.3870889202674,14.1692359647837,4
7.14411001111739,15.1479983478297,4
7.46351180469446,14.8447984866632,4
8.36190982217418,17.6308460933136,4
13.3068413397945,8.79541965637245,4
8.16700513029583,15.7810569378308,4
7.83078908123299,14.0542431088738,4
9.91885204547747,16.9286280839417,4
10.9597060498532,16.6080685031616,4
8.32630874709466,15.0290825868946,4
8.64318676050675,18.4439487690294,4
8.5910566900884,12.8574800778761,4
7.33219062632854,15.9006072379619,4
8.43466365285612,13.9578817122392,4
12.2667552531111,16.0300792696981,4
12.9635105382836,17.5581551244817,4
8.54004432014772,10.9343949306979,4
6.6236003088925,15.7664024591207,4
5.75666418198339,13.5175485694701,4
9.21507072089835,12.5251539074955,4
8.99729236197369,17.1262417150378,4
10.1769045272702,13.3672463750664,4
9.7598408645796,16.1639841080684,4
8.12873160654141,16.0486681601434,4
8.55567787184021,16.4124920980987,4
9.7969887373489,14.5766508310657,4
8.97296013953661,13.5752674332381,4
-7.65901850232065,7.37772862552769,5
-8.97021386971066,3.22181090329554,5
0.41205123844579,1.0934375591087,5
-6.49312121169589,0.990779492492599,5
-5.90369558140235,3.43673655398296,5
-1.11789198868738,0.464550742169389,5
-8.41650138327785,2.5018326249742,5
-8.38920283116711,2.5604872326662,5
-6.88886985553672,-3.90630929598793,5
-4.23846897136834,2.1798461912404,5
-2.15233119255789,5.9784525430243,5
-0.357896866837622,5.23497480458525,5
-2.4100663563536,2.07192890618332,5
-0.514027467118707,7.73953899205259,5
-7.07787602828866,0.303224031388211,5
-4.0009889316783,6.50916107600674,5
2.00590147280136,6.84881964758444,5
-0.322289989679429,6.0091406722558,5
-8.19242253353809,-3.32605025117066,5
-10.5725210175195,2.54903350913383,5
-0.0982787216711554,0.462515098462145,5
-5.23583925226446,8.99462842431593,5
-6.44379776219942,4.77790637971077,5
-7.80496720033179,1.54457885848432,5
-7.29052779011475,2.78113510807136,5
-0.372801758113911,3.5936420441434,5
-1.76807993743212,1.12845392924945,5
-5.35480962487703,0.0750415198631451,5
-2.61784106505244,2.64389885296457,5
-5.20267331052892,3.73768124944899,5
-8.59419040732803,5.7032111502914,5
-6.8289678551853,4.56963300624185,5
-7.40351421440747,1.92044182362768,5
-11.6481484120084,2.04593361560531,5
-9.02362973437777,2.11561810864408,5
-5.64541239812796,2.28654530132138,5
-3.9025996787277,3.10235610555526,5
-3.69229924089025,2.50874498282638,5
-1.92156889085061,3.38292065335917,5
-4.40178026154926,1.22000111844705,5
-3.42386969594949,-2.50964425201777,5
-1.91510612906855,2.92384326955289,5
-2.86329807839168,0.753803804136638,5
2.54909246726387,1.50287652422256,5
-5.23961386320117,1.34979684721772,5
-2.07158183411054,-0.359639113908943,5
-3.23850424864874,5.84836020649816,5
-1.86951687969275,4.21307528561313,5
-6.09599425143542,1.29177160244791,5
-5.57729147432624,2.81247804156894,5
-11.3099676317404,6.59016950178413,5
-2.86294994185349,3.65928196544314,5
-5.18292398170366,5.82647986722014,5
-5.72373588081252,-3.21593946160907,5
-7.38280924953139,7.04819488359527,5
-8.01335006645629,8.13041411083109,5
3.22237102349827,3.44160734802307,5
-9.27135064748098,5.52644171007224,5
-9.91732860789482,4.46641157617166,5
-4.83420315921784,2.36111934993782,5
-1.29742689342257,5.79812511949037,5
-9.16752969063128,-2.19641572371471,5
-1.65035616388664,3.91732482900726,5
-6.26501699687129,6.93101400842357,5
-9.32096945570751,-1.55814908339355,5
-0.735513449644468,-3.25665596862415,5
-8.92423030930491,2.67099939034282,5
-2.68213598737433,4.44098549282851,5
-4.0890124824535,-0.395308780757414,5
-2.94849596025302,3.94603419022544,5
-7.51715718408466,2.90717640791109,5
1.894510651801,6.02762303479506,5
-5.9646484833615,1.67689246849186,5
-4.6839175437924,2.27327817839519,5
-9.47530238729084,1.75849338831134,5
-2.0082053139533,5.37730823444943,5
-6.63608924986527,5.55618280638744,5
-6.94333100813049,6.91571854637094,5
-6.06915071604598,6.78324262337701,5
-6.40189580506639,3.58854698179914,5
-13.2894201406495,10.1032808034086,5
-4.70454308218198,8.14591148608786,5
-6.61566315191282,0.914854707517084,5
-5.12709244587905,2.62465660980871,5
-5.06216046359478,1.4641497750287,5
-9.55414634335785,3.45463711030234,5
-8.90410579633046,-2.54189542557471,5
-5.11224911555937,4.04998657386766,5
-0.0279879716681357,-0.381962899286903,5
-2.10244759605982,1.11846725612393,5
1.89897254361417,0.837719012120036,5
-2.62810450439215,6.08126843549603,5
-8.99861622395914,2.12271642974641,5
-5.59893126131747,1.78560649211285,5
-2.65805503892053,-0.694610393759581,5
-2.88905728759001,4.15814292420325,5
-6.62839272584056,4.424821879534,5
-5.59362396335688,7.23450916949494,5
-2.41888830775701,3.25994480238989,5
-7.05820864380847,5.29710700863171,5
-5.3594819603839,2.06680924873347,5
-1.8719746479089,0.548818006543385,5
-4.12753307499833,4.2990056281615,5
-3.06726913459594,5.96169666468054,5
-6.16226891783841,5.34127688382063,5
-1.14666014181496,4.98949776630628,5
-3.33111962421799,1.50659760056254,5
-2.39518396330656,1.64721478838904,5
-5.45107970481776,7.4865859407867,5
-3.45954734644439,4.90824941995256,5
-4.33328789722441,2.89469866526247,5
1.40423519671964,1.82746934472325,5
-9.99081554237582,2.61555573081225,5
-10.6815909591561,1.49604748795084,5
-7.79577701956735,-8.06183377874206,5
-6.20793747402112,6.09172131631966,5
-6.76468041642484,1.01897488479212,5
-6.67743405981015,9.00080635163273,5
-0.586912891308193,0.640859046173071,5
-5.96630691160142,6.69884714220315,5
-4.0374432286309,2.62843790862477,5
-5.19000713298864,7.6515173716985,5
-9.6743131559389,0.838226052618959,5
-3.5436427517734,2.4260405168753,5
-8.66449892298578,4.29343138567476,5
-5.81652240455565,2.15598986576301,5
-4.4808932863633,1.75577356053724,5
-10.8304091047744,-1.8771437314246,5
-6.85385479243475,0.305300163634305,5
-2.53872164643932,2.90412899296199,5
-9.60319345218362,3.29657396706658,5
-1.89353899997259,1.11303678573299,5
-4.76344629192192,9.94888199888668,5
-2.48591585673256,1.29571508248727,5
-10.0637020220851,0.687193710439885,5
-6.12495115601973,-0.116153684321262,5
-7.31216459130216,7.63376161379556,5
0.877457698033361,3.01105857156033,5
-9.24939043722512,3.47843374202384,5
-4.08291062237411,2.61268952057571,5
-4.60422707433975,0.557348857459171,5
-8.20328014037708,6.0576682530289,5
-6.33867846470979,0.370251621963459,5
-0.572946409450157,3.0538028639979,5
0.842298342933565,0.829604295671303,5
-5.69166612765225,5.15854829848434,5
-3.34255533237545,3.25472139737733,5
-4.82991518082254,0.668582372112449,5
-1.94385450857256,6.11265156670351,5
-4.4077340417395,3.86325674928299,5
-1.17318204201046,3.59658633356752,5
1.2059657076626,3.43864566662102,5
-9.9920580164619,0.479597439529929,5
-1.12825306975634,1.84471384469225,5
-5.51415561100726,4.77239078793575,5
-7.72185342878424,6.91690618259417,5
-2.57315507482051,-0.438689522906248,5
-4.78653432769979,8.07590015019417,5
-1.10334840126504,1.80113691632337,5
-9.26865294196686,4.15397235427458,5
-6.14978810741266,7.34703549887784,5
-4.07694463095575,5.24708829089458,5
-7.96546040644717,-0.522976939883378,5
-2.99393973782759,2.26890385059234,5
-9.32660996464492,0.612773047384796,5
-8.55944913604611,2.30632515280437,5
-5.42471903523048,0.413191696153486,5
-3.50634824823634,0.2511707592248,5
-9.21306565913142,3.22313938650388,5
-3.53240848453246,3.9143994623802,5
-14.1229847373865,-4.38294364421638,5
-10.4735580890915,5.60890938444016,5
-8.30470522649003,0.226070990010441,5
-6.26614385319434,-1.01036565575332,5
-4.56175135300347,6.74278204357668,5
-11.6741611578633,3.82433023772802,5
-2.00985515091258,1.0395123818674,5
-5.02877906518141,4.64509723261255,5
0.711891560447628,-3.04791894782039,5
-4.36981474592702,3.87432219036554,5
-7.64453826396066,9.41815056422485,5
-3.64304772485295,6.36449856844426,5
-6.91578070679233,6.39746588136685,5
-7.25264102791632,2.43439459743404,5
-3.4196199931194,2.36890064054641,5
-4.71572766787614,6.1778046278272,5
-10.9227616100359,4.65951441586509,5
-6.62739453141341,6.82930501279178,5
-6.62160136524045,6.44886113519589,5
-3.44464987394357,2.2327398231236,5
1.69152893895965,6.75880836702364,5
-2.16893553666798,5.74656665355226,5
0.237294580530555,7.57150240303927,5
-2.6453667036053,0.817426892316135,5
-7.50266373255447,2.17122650566433,5
-6.28994715724061,3.63660145399327,5
-7.31462117380574,5.30572958863258,5
-3.96704641547401,-5.56306174995698,5
-6.87250764816631,4.59550726209913,5
-9.81519096288454,1.8651369797813,5
-6.48667036061149,4.48412770492026,5
-9.66543513247891,0.103496869231254,5
-3.5517557074439,0.746869386937979,5
-6.19672707218237,9.34625149574387,5
-6.73978509408677,-3.26379584282693,5
-1.72831344398641,0.328382238696463,5
-8.21587547413808,5.13376528378525,5
-5.10507229149493,10.1008673161221,5
-6.43613873069173,3.61624754186374,5
-4.90039434716356,-2.65836141373418,5
-5.22291184680638,8.7051971677135,5
-3.59393395358818,-0.766083273087392,5
-4.21503065360458,2.62375802198535,5
-2.8275500952089,-1.45178426142068,5
-3.18067196302558,5.01658930331209,5
-7.99823035171426,-1.79253289705563,5
-4.15713224093788,3.92190595424162,5
0.40408725005616,4.50746360325692,5
-0.865158141353588,8.71111357023539,5
-1.72582201397518,4.63337427227674,5
-6.2462647600417,-1.77579894021915,5
-4.98105847381634,5.70376950757889,5
-2.69200705634385,4.10287239191893,5
-0.694978062746908,2.08717019828891,5
0.971656719467134,2.94505299162818,5
-3.28894559405765,1.2922400545376,5
-5.25566823995266,2.90628919716559,5
-5.4593223605368,2.96564945681745,5
-9.35989154899289,5.12358226806324,5
-8.64991811993226,4.33637153798154,5
-6.22376896570915,-0.922887608864131,5
-3.55495881729751,-1.46132030487979,5
1.11555257139854,4.80110893037656,5
-2.05029142897683,-1.88681736081352,5
-3.09751561690747,-0.00658657437299848,5
-0.698145186010098,2.15717840546112,5
-14.5973412099381,2.24478512033333,5
-5.8607299795102,6.76436521773612,5
-4.83810374007163,4.04686580220383,5
-3.31887280472009,4.94173799641186,5
-4.75740305627039,2.1750273553957,5
-7.91521019131612,3.37190333063156,5
-11.7622468627336,1.989906549296,5
-7.34228139514793,0.0723904516634466,5
-2.60320291147757,4.13702938863146,5
-7.6222734504304,1.59040802259638,5
-7.12161017767703,0.467278372090458,5
0.0942607592434364,3.05856011464068,5
-8.42600953343223,7.07759815988734,5
-5.45509202904204,-4.23531923392017,5
-5.26789810246983,3.6294824424941,5
-1.11094925063991,3.01439636572118,5
-9.09390880849446,1.74406544147226,5
0.500725031140753,6.23507631153036,5
-6.66831413618984,5.67527481886682,5
-2.40203269314617,-1.22407369094535,5
-1.7013711123604,-0.551209097854004,5
-2.81510870544476,4.1656331654473,5
-2.9492206840769,1.60913442251015,5
-7.73986331336113,5.73632076504749,5
-6.61217722707886,0.6005385827231,5
5.75766392850065,1.57565957719258,5
0.468204669473096,0.727940528629664,5
-3.31254667280588,2.77804943381538,5
-9.90331235420227,3.86465374905003,5
0.961636453406598,5.66642935027803,5
-3.94211085873906,3.06446450440459,5
-8.18533552865795,4.30505288096565,5
-7.42556922945151,5.92508115153141,5
-4.02238360850273,9.2197111527881,5
-7.96475484106628,4.32965546079996,5
-6.70510718872111,5.74673501766258,5
-1.36288257084417,3.05595966532234,5
-7.93410141236519,1.40073516975418,5
-1.12389135073226,6.82755045290175,5
-10.3704129848768,3.29945621596372,5
-2.58990379111165,10.4857550251781,5
-5.13820045043278,3.21218264868133,5
-4.5089080169331,1.31490797703975,5
-10.7837221791254,4.89912047902789,5
-4.73013096095537,1.74592428647017,5
-10.1147131512144,2.92756722827111,5
-3.71522659213227,4.60974438188712,5
0.017494500549728,6.30872835330911,5
-8.31387189928175,0.499901614315374,5
-3.52227336905668,4.75135431086967,5
-7.15344279866203,-5.83843831357303,5
-8.42976247657112,0.922074310112321,5
-8.06516647840017,4.30527185253736,5
-7.89478149652648,1.58230033100363,5
-7.52508507274102,-0.216946661175816,5
-1.79032320531682,0.939751801091901,5
-4.87915087287523,3.58210785591935,5
-3.57152775661031,3.97360225083395,5
-4.09919917339372,5.10149490610099,5
-6.04663417848112,7.71684745508887,5
-4.4558029738282,3.6045018918384,5
-5.88422029353559,5.45082704721564,5
-6.0620360600496,2.96670281805143,5
-5.43998351168626,2.830925829146,5
-0.795763977605789,6.12992559775199,5
0.263819202789386,-3.70366070378607,5
-4.55259837328497,2.43772741729008,5
-4.05800830337401,6.60320462179391,5
-4.59922073219849,1.46329035819802,5
-8.17439453059124,8.64214591569969,5
-7.74215186582758,-0.0692269596948396,5
-8.80382405375605,1.83845273579752,5
-4.95644400548683,7.17448703663774,5
-3.45278079109146,-0.802260259176505,5
-7.76243031556204,3.35402974517933,5
-0.211579934771387,4.19078676169313,5
-0.897635877990262,11.1028829129593,5
-8.16868018254713,5.53193240535628,5
-8.27608224187183,7.31928386904305,5
-5.72486061920146,2.15310063599429,5
-3.81828518247345,6.10072567480563,5
2.21407689306083,4.68335934854904,5
-3.42255854019633,3.48730856962655,5
-4.73824799405357,-2.01530055053222,5
-9.83687895132754,8.45225844627248,5
-4.35309506745886,6.91429578075296,5
-4.23168121753107,6.20510645280401,5
-0.944411628851039,3.9145596740955,5
-12.6011223972217,10.1739231405897,5
-6.93227823319128,1.53434810719525,5
-9.6855830075291,2.03822185288419,5
-4.00936851323744,2.16193778511756,5
-9.30176795031646,4.24721859689608,5
-3.29643116714234,9.75871063507906,5
-4.34446547073964,-1.03708787281881,5
-6.63068997351143,2.75051006783074,5
-2.98136488138268,5.57069465566464,5
-7.8244982794366,1.73004328141992,5
-2.39387859506792,-1.12364392876413,5
-2.23848997605776,5.1810395610957,5
-7.69867034609289,5.06865601098947,5
-0.572783427442411,6.16996923196733,5
-14.6199975164475,2.23386194144975,5
0.855937058277516,-2.30244898622149,5
-6.98596615092213,3.80111125103464,5
-5.07965393464805,2.40985355472275,5
-5.73801151765898,11.6146990904741,5
-13.8309544902122,8.22223951049524,5
3.25211127996698,1.09236586868266,5
-3.70210257478666,4.74515855926141,5
-11.7108171588617,2.63981848016309,5
-5.86542516622619,3.65894610179849,5
2.47836913935398,8.07724365174937,5
0.230055736128033,10.002141691357,5
-6.39494364124661,4.78144120800959,5
-1.26822953668202,0.0471494729995658,5
-5.06959254173021,2.26240960649629,5
-8.87108992110248,4.78451800896959,5
-2.72910004657732,0.558742714317891,5
-3.62683363330388,3.93654405416489,5
-8.07261983447737,0.973289316222623,5
-2.08146406735359,-0.435158739396831,5
-3.54506562980258,2.31015558572007,5
-0.816271662618772,3.90220655679593,5
-7.82856681907814,2.94383759084021,5
-3.66456074521741,3.39013244434153,5
-10.2445654936108,2.59565458825006,5
-7.81626221003609,5.83651695569995,5
-0.727986243623656,-0.263637972282557,5
-3.37568132981339,4.07425555654013,5
-5.8351823978123,4.40753774118881,5
-0.673943026882997,0.402151025948279,5
-4.39499734353493,7.57524060510205,5
-8.17312038514687,4.94598097615967,5
-4.22655222508712,0.769478805336739,5
-9.93700806222508,0.603897634834778,5
-0.123456331523363,2.79549582297578,5
-8.05659067828588,4.18859586462744,5
-11.3903628573995,3.77410215806644,5
-4.92297502864588,0.0356466437183385,5
-4.96877229765555,-0.854632283896995,5
-2.81604531677544,4.45783552745971,5
-3.21057936152114,2.86603364484633,5
-3.43627862900447,0.55498417565091,5
-0.000871438490564813,-2.77167401727888,5
-3.96632988444941,2.11238235278775,5
-2.15996737066347,0.971314099325511,5
-4.55348397402204,-2.23202611652384,5
-11.2762625956347,1.3735588132412,5
-11.2084409500155,3.95870481375553,5
-3.0591086870629,5.36752631560015,5
-5.08138907862266,5.26718948101758,5
-1.58752812200826,2.60913356184885,5
-2.69268071566052,3.663906165716,5
-1.87784088265075,-1.79540178368213,5
-5.05805873722255,1.13622223968895,5
-4.34776160262135,4.42980032904436,5
-2.893756671861,1.33355212701141,5
-4.92053698957748,4.74556293170036,5
-3.68763946372993,4.11953054028363,5
-7.41787737390083,1.39008706774937,5
-10.6839965870571,2.05142551109603,5
-6.42372078998996,5.92939368921841,5
-9.431430743984,7.00368944960163,5
-5.75124956902246,0.108718168615868,5
-0.435681235330544,2.95667179070545,5
-6.67726369027475,5.56081164876084,5
-6.06007980789721,-1.55097719535382,5
0.885926120813584,3.16818814376289,5
-4.84706049201804,-1.0992791640389,5
-8.38996201134894,2.93507132314664,5
-7.24044459220318,6.2380072281693,5
-1.57729587388574,4.75433085041655,5
0.0178388228086863,3.81859018551254,5
-0.99911009725386,6.6531998269487,5
0.291849854764019,4.99115092379705,5
-8.71392143860004,5.52641311476349,5
-1.17376488192217,1.277021320077,5
-1.25954085978461,1.24123881779245,5
-2.754648546102,9.55976301918044,5
-5.26144679798691,-0.767667320828354,5
-13.2370885453352,4.32148806575675,5
-4.58267649539309,4.57483798035574,5
-4.31362016914914,3.1698400469722,5
-5.20105163957711,0.68436462900823,5
-0.256398199533376,2.0423647386455,5
-2.30060008447254,1.72955888229438,5
-7.25655679213883,-3.74011072286459,5
-3.27562698913052,3.68761027651844,5
-4.50923318433425,6.951382323863,5
-3.42870970959542,2.02261348953501,5
-6.73681256594792,4.1306782409859,5
-1.574019416597,5.65991973283218,5
-5.83635895545355,0.328668019008652,5
-6.33990046269232,3.84621422513939,5
-4.00771643568342,6.06242312341851,5
-6.64704636178287,2.98183493830708,5
-1.98669487199999,5.26352040963756,5
-6.64906269442962,1.90188978948192,5
-8.77454498372221,4.62214050108352,5
-4.87307604778717,5.1969426137414,5
-2.34289080952245,0.928580483582837,5
-2.58804976486618,6.78672590672407,5
-11.8874642479887,2.52847360204854,5
-4.22512926753479,2.33276665043767,5
-4.03051463818884,3.68548543544668,5
-7.1083581663055,-0.047633692676897,5
-9.08727532780878,5.18214849353136,5
1.94852082536921,2.68609619386771,5
-6.81206435267056,0.227212464313889,5
-1.49769539474629,0.111594178839452,5
-1.12427251411422,-0.646814919549004,5
-7.53642896241154,-1.11490345709053,5
-6.72086879256149,5.7274508458535,5
-2.55792212405118,-0.144954437539299,5
-3.92375950895361,1.61921831744535,5
-4.38319032328045,2.74316627216941,5
-0.55935564356652,5.0915879219691,5
-3.3242984787566,8.25567172242362,5
-6.14638296614556,-1.5572758805278,5
0.181639235464326,-3.08221545460778,5
-4.02047715249538,5.62088035207072,5
-9.62320823333222,2.6728354203821,5
-1.42046224058537,1.08493517331824,5
-6.43562433320797,2.69132368172593,5
-6.06592069861592,3.79118312087303,5
-2.70704353581469,-2.32508328941038,5
-7.39492157092141,3.07660349412558,5
-11.106756588686,4.04817595559744,5
-6.1891577850294,5.32719049236955,5
-7.63501930765232,1.48171257847609,5
-12.6103943232028,4.30568255950236,5
-8.71377672439589,3.44503607170357,5
-8.04316478401415,1.40562566725457,5
-3.41482209468236,6.25720289390956,5
-7.46094774774095,4.91444796452379,5
-8.79220675227561,-1.92921729063451,5
-3.97116802981718,4.7166473895969,5
-4.03732681414326,0.837789255074434,5
-4.68155619735674,5.70148970533902,5
-6.20598828820603,1.18107559535857,5
-7.89652767949915,0.777756369792428,5
-3.95237791067029,7.82365731094187,5
-7.30576509543716,10.0701041461396,5
-3.50151438477023,8.10401820914929,5
-4.28800875475633,0.557858311172454,5
-4.35555892315898,6.47035298643587,5
-5.84873946869306,-1.5960172509959,5
-4.24712624840223,5.03353334758901,5
-7.24025254680564,1.06138882992473,5
-4.56256356925674,5.12275848909581,5
-3.22757407539294,7.11385237023002,5
-11.1017969112638,-4.21215250430348,5
-8.91061965287617,3.64641928138006,5
-2.17883334806306,4.72864603954403,5
-11.721419203116,3.84196351286439,5
-5.36851411823161,1.2788443293573,5
-5.95414540207926,2.86660333883714,5
-2.83077141123647,-0.500373427935532,5
1.87625809745096,2.01249270694786,5
-3.75610972308919,1.75289512716814,5
0.817156665847318,-3.4176794032274,5
-9.9265224668535,7.79272846571936,5
-8.19413713931815,6.44600228386289,5
5.85256897404503,4.00781119895167,6
7.74694356727047,11.4618717985165,6
5.07648803921423,7.16379779558293,6
0.859932495178753,8.33572763079912,6
5.14190084552095,2.68467695507364,6
10.4639449034141,2.27294037500893,6
7.06562098997381,4.83449041699895,6
3.10404174466813,6.17267669485559,6
10.4001501732724,2.53928878743676,6
4.0852105489023,12.980452692716,6
6.64042839449459,1.55725939712238,6
11.3715609338739,2.24271343408281,6
5.60203697476077,2.30097026333776,6
4.87957553530472,13.4446475419605,6
9.40640073110777,4.22807349956631,6
2.8766589916237,7.55722744063126,6
1.27043971808201,2.65204145338955,6
8.59836401253751,5.49319666985715,6
6.99379432929482,11.1132755442748,6
4.38809981502869,0.915715774132536,6
2.20086525338566,4.63283890467655,6
3.66670828844426,5.46085043276644,6
5.77732243541588,3.64173843984767,6
4.13371258725644,11.7698252232458,6
5.04501103755336,6.59464336677663,6
4.82881424058493,7.45974427252304,6
3.11284662663068,9.99477329862557,6
1.37815157170134,9.42988084062533,6
0.164892277020882,1.02339120100832,6
4.63920742355416,6.35167430504956,6
5.67716261322831,7.75119292027062,6
1.64950509577111,0.9085769838259,6
3.93067244886839,6.64807007938491,6
4.29055869414312,3.12356155350887,6
2.44453216608118,7.74900364097928,6
3.76931131789844,4.58568510846516,6
4.93315310216029,4.1044755725441,6
4.01695479347147,3.84448887119782,6
4.36104369942629,9.53163273202621,6
7.61203885754538,9.95575314454301,6
13.2475303412851,5.8385974709356,6
12.0430064456109,5.95613249275912,6
0.106692507581446,1.63640749660322,6
9.67976218368962,5.19386603033048,6
3.96821084291331,3.70216678046677,6
-1.17386852060306,7.33745384567644,6
8.73681539934811,8.90284243170248,6
5.30189489078624,0.673358990702729,6
8.13169638163081,3.76163936884993,6
3.12151482838966,2.62933762326878,6
2.02503342724871,6.29697084757188,6
5.20951159521513,2.86727027316123,6
4.77195238988573,5.29399989212603,6
4.54850088319463,7.69310397435624,6
3.81554677235257,3.09651596137852,6
2.97227689847985,3.30285235715865,6
-0.107279265580344,9.49903012561843,6
3.631062552059,7.90718230982446,6
5.13270083495427,7.85350518177623,6
1.72672117007297,8.61897313551431,6
3.87096122088068,6.59281885876302,6
4.3311331296855,4.67722844459878,6
2.63164649919276,5.47493240923286,6
-2.58138896226149,8.7931100785042,6
4.19645083380675,0.784247720004084,6
5.52601004123913,8.92222790531829,6
1.96400962372941,7.5182289929731,6
8.56562251988108,8.11279786125502,6
9.2911378920825,9.23475767715485,6
4.93136432916192,1.27671251178087,6
1.85503283875761,7.85906936679802,6
7.49533068621823,10.1854245612155,6
7.26805245398054,1.63379931143522,6
5.32532404997645,0.310924743216945,6
8.07694587091911,6.68458805566778,6
6.66055918152813,4.28185443107947,6
-0.429691111746323,9.25751478977973,6
1.37249172978298,5.15842456154569,6
1.30885792367554,5.32933635355181,6
-0.444855634177629,1.45177620553891,6
7.63910977403308,7.49499412317943,6
6.36391440691623,7.49089030145569,6
10.492530608605,8.86131294542446,6
5.91810958353033,3.23649595213798,6
2.73110849400592,5.43816003825791,6
8.2698492379775,-0.0334356083839147,6
7.52136924442285,5.70005499995119,6
5.65021209666579,8.79511470592884,6
-0.385776889966352,6.42937387598276,6
8.72833203723463,7.21523444630568,6
5.11301368385496,8.95462847003502,6
4.62254058342638,2.43395092761755,6
6.32033954904333,6.16275878069829,6
4.72231940294433,6.33078100273392,6
1.80726698191482,5.10296805640808,6
8.57324761313751,5.87071109393075,6
9.2274333007715,7.27023975052749,6
2.7941467079308,-1.15464600617615,6
7.49050747631765,4.57231277273085,6
3.22580434295532,7.97044959420204,6
9.49711866977333,3.60158508867568,6
4.8249903387804,4.48065625720935,6
2.08907115879704,3.95201811887388,6
6.63784801243456,10.6749875247986,6
-2.76871713113118,1.41643035945023,6
3.7357065212906,7.63402200340515,6
4.07491778871716,10.2502164767047,6
5.80046525299932,2.98391317127565,6
1.82540712347311,7.74240667537296,6
6.0510422707386,6.46075282620064,6
3.66646373221487,6.0132351110712,6
2.77568008685776,10.5814767262313,6
0.816115625874124,4.54333457159059,6
3.44203124008405,12.4127130486704,6
1.55154693091671,8.29477071260305,6
5.16327688751994,4.56017186633286,6
6.53844906147597,6.33613540374268,6
5.11315480316609,4.12890137694543,6
7.84186902747904,6.1245947086369,6
4.65977709391969,9.62072040699883,6
-4.58551145905646,6.58274049260529,6
4.31612095488485,9.68377489246694,6
3.574081858793,5.19707951233691,6
3.83296475317456,7.19808960523428,6
0.323145201815649,3.87717075754634,6
3.21726593800002,0.669342276173779,6
6.61994817414332,5.31178513885536,6
10.166797588987,4.6418708174684,6
10.450092186794,12.5401162654122,6
-2.79478009751402,5.48770097437482,6
4.24366444629477,9.82479658812637,6
5.57829661430257,9.05418353608101,6
8.53154485587589,0.860079589872198,6
2.55259644090876,5.28043516182622,6
5.6854271841207,6.20286004840177,6
0.0851688315873371,10.6232352551659,6
4.98850595674235,2.67860520919945,6
9.48553943224149,3.99054970759147,6
10.3587523434032,8.41282498668896,6
4.28356014755486,1.14179439346443,6
7.36589361818763,2.16442600406826,6
8.47166515277299,7.55511355536049,6
8.70852040996464,2.54430746460323,6
2.83394277118694,4.55270826367251,6
3.1377840656754,8.26069576182193,6
4.50012187570426,2.80914977415204,6
3.610949648962,3.14436975209687,6
4.78736712855263,4.15513950108639,6
4.94733952893101,7.60850630493227,6
3.69598833414082,3.5683894103206,6
6.3160507758324,5.87337247710555,6
0.94242756048583,8.27972204192195,6
2.33898764481889,4.19643175542916,6
3.50547917812105,2.64324229824976,6
5.31617186339177,3.51848135870764,6
-0.658957095281997,1.5597736989572,6
7.53017259563134,7.00192225121025,6
1.32802440096998,7.33273371109623,6
3.16053241891754,8.41974270981202,6
3.37975619971886,5.15144085833574,6
3.14662996888102,9.76229942984976,6
2.89733653324945,6.05274350510792,6
4.66099873799718,3.97873089230057,6
9.85852231554453,10.1577074028095,6
6.08741533815565,8.58332101086478,6
8.46373341968482,9.53780790029885,6
0.151606000289758,7.50956159062794,6
8.30929657473513,9.26100419721933,6
9.29019440348606,9.40850199083224,6
2.96447075482398,9.34606061647104,6
9.16666479988145,5.95661970627386,6
3.31196740476881,4.053485403059,6
7.21860280123294,3.81584404383737,6
1.76139017191972,6.11816070993095,6
5.38742636212908,3.62338671773883,6
4.67741543105848,4.59027697277047,6
6.20587745627574,6.7208985815552,6
7.30761698900902,12.5158978710087,6
0.525698321669529,3.83859784163145,6
6.78331381111703,5.36187314328964,6
-0.245593272531452,5.30723883461761,6
7.96539802215762,7.85890477145639,6
4.7156594388816,-3.61250334132906,6
3.23469102802529,1.7967262338792,6
7.96071764179878,5.80915302912087,6
11.6517146633707,3.78480587152418,6
1.94871101707319,6.74766478798314,6
8.34536010356703,3.67312151111502,6
7.72704764048811,4.47616643750793,6
8.72839209606322,5.33436400074542,6
4.87106822770711,1.13860278663374,6
0.941216508922861,6.2012767444173,6
2.18870534357557,5.94479706407344,6
11.0177990959134,-0.978396145292425,6
5.9542348762556,6.5966565999933,6
0.0577085023858759,10.2331616131494,6
2.83355114475927,5.3798074001199,6
0.296957844570922,0.0102590247710834,6
9.39976788899893,11.0860841000652,6
8.35898250321114,6.46472665110801,6
3.6479822579515,3.96419198159424,6
5.85998474548136,3.48258029612182,6
2.9320938436296,4.73135181109059,6
6.66450418215314,9.65735674692526,6
-0.739045843327844,9.19556656409335,6
2.79811247487069,5.2858652188223,6
11.187876133981,7.50521219929826,6
2.39415775825163,5.64470219231057,6
3.87423898460818,6.45354381143773,6
0.37539377043521,9.6762173915777,6
3.89222002972747,10.3776975870873,6
10.0749397115351,2.86081821278883,6
2.33046087454188,8.1561352508205,6
8.7301443212033,6.90965197186487,6
4.93485055501409,5.77364537824941,6
6.22195692475063,7.79473232593349,6
4.55374497049952,1.23326115178025,6
9.59380507163203,5.00816619198096,6
1.29921059860943,10.5303765664838,6
6.30296178194868,7.211959771769,6
-0.460227958069155,8.02792607917905,6
7.33374549436557,8.95213722674835,6
10.9956573784828,7.6971148018789,6
5.53525871666087,6.28905763618615,6
6.82948201651762,3.90808575064341,6
5.86888109617379,2.74285376716465,6
7.87521856368074,2.11307932366418,6
7.44595595490203,7.4744263284115,6
4.61976966491606,-1.35041595726341,6
1.52278472897622,5.05555010720078,6
4.89521573368196,3.78293196944693,6
4.23305975102869,5.40577947267048,6
0.867035275748508,10.554029777659,6
4.66088841717392,5.68494804637735,6
3.75651131965166,8.31351785948225,6
8.25539942185333,7.47747014203012,6
6.35788192796877,4.36985382415133,6
0.876425543200973,9.40930421720348,6
0.861005718189721,5.00611074854581,6
5.29730427841551,7.78355912564069,6
6.46489407183357,0.232569451748889,6
4.65260808991067,12.1493499905722,6
3.39601350034869,0.722652842336133,6
7.02364133605824,14.0747397441698,6
3.35581428244257,1.66365406104456,6
2.86228682209891,7.18064814843466,6
2.88383421800721,3.5580984495925,6
9.85190022936877,0.833030098042355,6
8.76097324497135,8.14533028989659,6
0.991080215616257,4.80513539612283,6
6.41233804458274,10.9454778657056,6
6.67131459571279,9.52114179621979,6
3.15669831210713,4.84586030577776,6
3.58754452904377,5.13241395486192,6
4.98599955176138,5.4980963049974,6
2.45488610395156,9.73084067275447,6
3.41843815928616,8.2780512880696,6
4.11768471485561,10.359659385095,6
0.99455408022953,6.59434766011805,6
0.776701316232797,4.62670569560114,6
4.74010505542809,5.50985027403472,6
2.50228197783101,2.61938627075961,6
3.48684554181093,9.41584512518385,6
4.69365020693646,4.70735195262539,6
3.26404513869181,5.21786834647289,6
2.61159519313512,6.39782641324947,6
1.7522791687848,4.83481719275413,6
7.97796537163073,3.68793255295534,6
3.30677888127707,10.5639022903178,6
7.85454803168092,8.16342020926284,6
3.0891109666228,5.2702520158879,6
3.64424387972105,9.6629062721118,6
1.92410609637824,2.46576995679258,6
4.90689495859764,5.34885907466905,6
6.7618790789924,4.53542453942522,6
4.14866703076744,3.39868842379805,6
1.4496542416199,9.47315458223329,6
5.66596442404403,5.26597491953552,6
3.88025845664831,6.86320678744062,6
13.890989110304,7.06040018595792,6
3.79090706928885,-2.71376872210733,6
3.54628911923537,5.16973015815837,6
5.25221007547221,9.41778017043026,6
7.44051234834119,9.87684325226504,6
6.26943687597562,4.75871540749794,6
5.38893927894042,8.23948512569745,6
3.29813393085807,7.68311492888811,6
1.77804188039245,2.87733726143192,6
3.07391914057698,10.1447256190438,6
5.59814680901091,4.90941262476486,6
10.0865869416336,4.68537957562796,6
1.3053897306521,6.64389740864655,6
5.09504180489622,5.24589378868826,6
3.26842384786257,8.37440047123588,6
3.89058427342041,7.32586180527209,6
3.9059489465073,8.04125747396872,6
9.21594448339984,3.50357421314608,6
5.58753259517083,6.42548686040733,6
0.122694159549338,0.451871013732697,6
4.38320039412509,13.5246961372719,6
8.75949169769458,6.99805801374862,6
2.3655149626017,1.91936709287784,6
6.11297972600669,13.3335659237641,6
2.36364628673498,2.07536335562269,6
7.69246696049005,11.2990146687553,6
6.95804048479782,4.93177744520083,6
3.60212827577309,6.01922714076912,6
1.50156647382186,5.05241022203589,6
3.8170193020353,12.1163219382627,6
6.33550472322284,9.49231003289549,6
1.52751471442115,3.90804027068353,6
4.9413932340961,6.9217993529832,6
3.35535837045756,3.46806900771695,6
-0.697218583640598,3.25772137304002,6
2.03033327418399,10.5089929215819,6
2.43379373619251,6.39805631372642,6
6.60920435126431,5.55460854604216,6
-0.0455625371502819,8.19894811293241,6
8.37988947828481,4.32107001231249,6
4.6263969615859,5.86726812365986,6
6.30189957351628,6.94516696735189,6
2.32834674640776,-9.55633304040312,6
-0.505409550150229,7.19509458304194,6
6.3674321987651,3.02385433572542,6
3.78900544946896,6.32807414247486,6
2.40972057237342,-1.97740266395091,6
3.51330271210388,5.87116444893401,6
7.97562476161659,5.46782512165188,6
7.31954068660242,2.7894784711921,6
10.1507345455522,12.5733354266173,6
2.06383337710247,11.9329845717164,6
10.2652866188816,8.46056970093692,6
2.18895900389254,6.66277394120601,6
8.27088234675879,-3.1644150833121,6
3.69095480950207,2.90892478410185,6
7.43227006493276,3.54813021381419,6
2.2811457275469,8.48512885945384,6
4.7197676553057,8.0850760064738,6
2.56213784280856,7.13817883384139,6
4.43061414280009,-0.891132537873276,6
5.89207499977591,7.61032024386774,6
7.47479041678743,6.20465029479872,6
7.66254734504642,-0.18066962641311,6
7.86198678731535,6.74257894756799,6
4.0874183650582,3.24703699051075,6
7.47424606564091,4.01972257791157,6
0.90812998757446,10.0046775982935,6
10.4423656949272,2.72614880576617,6
5.45373675768688,3.58966166371774,6
6.57694386442947,7.52206895986084,6
6.2599270552246,2.08513562722862,6
7.06808977202561,6.44955965855976,6
8.43813619071438,6.10291161530418,6
9.4275719218921,11.738365919118,6
4.29659469449581,8.36141717183254,6
2.98089957268908,2.03411479364682,6
4.47031175030126,1.85317788983522,6
6.11197353051054,6.62659756004237,6
6.87218377605084,5.34974248386738,6
5.09339530956196,7.65673070786728,6
3.00465538287398,3.48201717556845,6
9.02422380218643,3.53690088045373,6
7.73298114785653,4.98302367358626,6
-0.907880055497738,6.932649607657,6
8.91909476637338,4.03430775053467,6
-1.21915971350833,11.4335379971188,6
6.13158054262624,1.63759915150283,6
3.24080815497762,6.51979097150329,6
5.36304530663521,13.3128397625023,6
6.68557267748113,2.51053443206547,6
4.70906073429429,5.8083613023884,6
6.51044717123235,2.8710967509892,6
6.36532482353451,10.2158450466332,6
7.27253380219005,5.49024490691967,6
11.9733178835055,8.52588280736272,6
5.78232089998544,4.39505447631003,6
2.66536393228629,4.2779854610776,6
7.96526428550831,7.01300043166689,6
4.72188028943732,10.4719068238683,6
4.52967802952712,7.33047208614196,6
6.69593220691759,3.40612192679575,6
7.64819416046865,5.24921899039764,6
7.42562132609919,0.913028659350752,6
3.08881265199928,4.36710764754594,6
5.40936502882309,2.66432261934764,6
5.88819751615504,8.04550751414955,6
4.24309294471133,0.419731174268518,6
2.11219971277688,9.44389339904875,6
8.87103625145862,2.39433178531693,6
4.91089179630783,8.01960216458868,6
1.00090115533077,4.84944586229773,6
2.79047338581651,6.32382192970714,6
1.42420736637003,0.951760822131646,6
4.21455695689393,1.04494878557493,6
4.19577420938722,1.07111715145892,6
0.306673385600294,4.56704232713423,6
9.19186935631899,3.35318490095244,6
1.82078582421125,4.25927252104567,6
15.2386788430113,2.90912598288705,6
7.30920938704607,4.95391410297652,6
9.1242727191821,6.65998426806889,6
6.8852390003366,5.62818737591356,6
10.2099925535426,4.99260780566888,6
8.5302551658115,3.04170653543291,6
6.36207814601259,0.00312560372444182,6
2.69775968198179,12.963200989774,6
4.23857529449618,13.2922558679329,6
7.28527667757036,5.74466012020314,6
1.35479877446542,9.11468270697247,6
3.04577206770211,7.57448520233388,6
10.576739331714,3.63430960347342,6
4.27126519083867,8.64369431887363,6
8.61358743925793,4.47896442234031,6
7.47228550425248,11.0109194252819,6
4.26561608058995,1.31925221745659,6
2.47032605173782,5.94276418221826,6
0.360217140082665,9.38645619273883,6
3.66726230465856,5.1702152984668,6
2.14235002411193,6.35818969481953,6
9.30720532114983,5.31078108039418,6
3.02678437277432,7.29345451291129,6
6.55341256964231,5.47165327552833,6
8.25210179127074,6.71968658165264,6
4.08349776899332,3.17847717099579,6
12.7812306714683,4.46825638122229,6
9.44451968189939,1.43270065424404,6
4.60145711846097,5.0188520576684,6
1.21322885892347,6.39914886036566,6
5.62321080741777,5.89402165835028,6
12.4349242473743,5.8314949986529,6
7.99093681094023,4.43647009282782,6
7.00652458987382,6.55941955045221,6
6.89365699908171,4.15715340649677,6
3.94412426222928,7.60144290678099,6
3.56505790973544,11.9916590747406,6
2.77900602943981,9.03907434180005,6
8.86899776181205,1.77908717777551,6
1.78938510995319,6.37369801404648,6
1.21801287854093,9.97366058488036,6
2.83304697188718,5.48549990812556,6
3.16247016698358,8.37592151796193,6
6.41835758009663,2.54651594623956,6
1.11304127798831,2.40993950077721,6
6.60051706933757,8.5586749651072,6
5.72742117777145,2.93817823551933,6
5.43422274596317,8.9146082802461,6
0.0763985708861785,2.73723385129161,6
1.65702940625936,8.74318747738264,6
-0.977337446594731,4.63273396282452,6
5.60116263898261,11.9235218540694,6
9.98561901998414,0.835901851557811,6
-3.29925971987292,9.75797038683814,6
2.24459792949445,1.41948374562191,6
3.09813194187927,6.20312604944287,6
5.10479446920654,12.7816318014798,6
6.0313902171371,4.67752311413296,6
8.86114543908212,4.94692565950237,6
1.447562044815,7.01222395678798,6
5.66993571968572,4.01795480285426,6
7.27940005459433,6.75658579292158,6
8.53219773637074,2.64592783435145,6
6.62474886895003,9.52854901472067,6
5.7994797912667,5.83655478584498,6
5.62484986265002,5.48730585693957,6
5.32483114409488,5.12591962866952,6
5.21160292753423,5.95922863896173,6
4.47343489737768,0.383212751153476,6
-0.919982720320732,9.67773897008535,6
7.00933448389692,6.65006650825138,6
4.90485293969297,4.12797142955199,6
2.85407662949155,6.25095353446375,6
3.83032154111877,5.57045200284167,6
10.6316287603584,10.6886083461462,6
0.551211028767127,3.58513602683152,6
2.22327773507235,6.02455741844471,6
6.77279535045623,6.73850222904069,6
12.0117028451048,13.5440409265946,6
8.88129469542225,10.8734507909496,6
7.99179637113717,1.64051744400718,6
4.6281974090147,7.6023294043025,6
11.5930755596435,7.06254484438876,6
9.15752415583301,5.14799843228483,6
10.6051079704537,4.35059802268248,6
5.11725987228412,0.957485960131793,6
2.90467427363487,7.90529889123986,6
5.30006147586225,7.84567204297898,6
10.3852724706261,10.4147120538684,6
11.3069764037104,6.18016858661468,6
4.08463320575607,5.29129012492824,6
5.40674626134677,15.1564286894123,6
3.54561177355845,-0.665452613478275,6
1.01197734240769,7.58170500608476,6
4.03234564545868,2.47641723911295,6
8.160580265005,1.88967330082056,6
8.35523582321509,8.80431577501938,6
5.69270723588698,5.46536292222413,6
-2.93921113775698,1.89375072941896,6
9.56615223213195,-1.62750000925966,6
8.61190039661772,5.46622941065704,6
-0.284001149261691,2.41506331644614,6
